firstTimestamp;lastTimestamp;ipONet;QtdIpOSub;QtdPortO;ipDNet;QtdIpDSub;QtdPortD;signature;class;Priority;QtdEth;QtdAlerts
2008-12-05 08:52:33.446;2008-12-05 08:52:33.446;10.13.1;1;1;10.100.113;1;1;[122:7:0] (portscan) TCP Filtered Portsweep;NULL;-1;1;1
2008-12-05 08:52:44.261;2008-12-05 08:52:44.261;10.13.1;1;1;10.110.113;1;1;[122:7:0] (portscan) TCP Filtered Portsweep;NULL;-1;1;1
2008-12-05 08:52:52.274;2008-12-05 08:52:52.274;10.13.1;1;1;10.120.113;1;1;[122:7:0] (portscan) TCP Filtered Portsweep;NULL;-1;1;1
2008-12-05 08:53:18.257;2008-12-05 08:53:18.257;10.13.1;1;1;10.199.113;1;1;[122:7:0] (portscan) TCP Filtered Portsweep;NULL;-1;1;1
2008-12-05 08:53:21.011;2008-12-05 08:53:21.011;10.13.1;1;1;10.100.113;1;1;[122:7:0] (portscan) TCP Filtered Portsweep;NULL;-1;1;1
2008-12-05 08:55:46.713;2008-12-05 08:56:07.13;10.13.1;2;1;10.100.113;27;1;[122:5:0] (portscan) TCP Filtered Portscan;NULL;-1;1;27
2008-12-05 08:58:53.101;2008-12-05 08:58:53.102;10.13.1;1;1;10.100.113;9;1;[1:469:4] ICMP PING NMAP;Attempted Information Leak;2;1;9
2008-12-05 08:58:53.102;2008-12-05 08:58:53.102;10.13.1;1;1;10.100.113;1;1;[122:26:0] (portscan) ICMP Filtered Sweep;NULL;-1;1;1
2008-12-05 08:58:53.102;2008-12-05 08:59:00.993;10.13.1;1;1;10.100.113;255;1;[1:469:4] ICMP PING NMAP;Attempted Information Leak;2;1;501
2008-12-05 08:59:01.609;2008-12-05 08:59:01.609;10.13.1;1;1;10.100.113;1;1;[122:4:0] (portscan) TCP Distributed Portscan;NULL;-1;1;1
2008-12-05 08:59:03.17;2008-12-05 08:59:03.17;10.13.1;1;1;10.100.113;1;1;[1:1418:11] SNMP request tcp;Attempted Information Leak;2;1;1
2008-12-05 08:59:03.218;2008-12-05 08:59:03.218;10.13.1;1;1;10.100.113;1;1;[1:1420:11] SNMP trap tcp;Attempted Information Leak;2;1;1
2008-12-05 08:59:31.638;2008-12-05 08:59:31.638;10.13.1;1;1;10.100.113;1;1;[122:7:0] (portscan) TCP Filtered Portsweep;NULL;-1;1;1
2008-12-05 08:59:35.977;2008-12-05 08:59:35.977;10.13.1;1;1;10.100.113;9;1;[1:469:4] ICMP PING NMAP;Attempted Information Leak;2;1;9
2008-12-05 08:59:35.977;2008-12-05 08:59:35.977;10.13.1;1;1;10.100.113;1;1;[122:26:0] (portscan) ICMP Filtered Sweep;NULL;-1;1;1
2008-12-05 08:59:35.977;2008-12-05 08:59:43.825;10.13.1;1;1;10.100.113;255;1;[1:469:4] ICMP PING NMAP;Attempted Information Leak;2;1;501
2008-12-05 09:00:54.837;2008-12-05 09:03:20.025;10.13.1;11;15;10.100.113;1;1;[119:4:1] (http_inspect) BARE BYTE UNICODE ENCODING;NULL;-1;1;15
2008-12-05 09:03:22.761;2008-12-05 09:03:22.761;10.13.1;1;1;10.100.113;1;1;[122:7:0] (portscan) TCP Filtered Portsweep;NULL;-1;1;1
2008-12-05 09:03:27.138;2008-12-05 09:04:42.378;10.13.1;6;9;10.100.113;1;1;[119:4:1] (http_inspect) BARE BYTE UNICODE ENCODING;NULL;-1;1;9
2008-12-05 09:04:58.246;2008-12-05 09:04:58.246;10.13.1;1;1;10.100.113;1;1;[1:1852:3] WEB-MISC robots.txt access;access to a potentially vulnerable web application;2;1;1
2008-12-05 09:05:12.428;2008-12-05 09:05:12.428;10.13.1;1;1;10.100.113;1;1;[119:4:1] (http_inspect) BARE BYTE UNICODE ENCODING;NULL;-1;1;1
2008-12-05 09:05:15.244;2008-12-05 09:05:15.244;10.13.1;1;1;10.100.113;1;1;[1:1521:6] WEB-MISC server-status access;access to a potentially vulnerable web application;2;1;1
2008-12-05 09:05:19.165;2008-12-05 09:05:19.165;10.13.1;1;1;10.100.113;1;1;[1:1112:6] WEB-MISC http directory traversal;Attempted Information Leak;2;1;1
2008-12-05 09:05:37.228;2008-12-05 09:05:37.228;10.13.1;1;1;10.100.113;1;1;[119:4:1] (http_inspect) BARE BYTE UNICODE ENCODING;NULL;-1;1;1
2008-12-05 09:08:16.868;2008-12-05 09:08:16.868;10.13.1;1;1;10.100.113;1;1;[122:7:0] (portscan) TCP Filtered Portsweep;NULL;-1;1;1
2008-12-05 09:10:25.481;2008-12-05 10:10:50.186;10.13.1;4;13;10.100.113;1;1;[119:4:1] (http_inspect) BARE BYTE UNICODE ENCODING;NULL;-1;1;13
2008-12-05 10:11:02.764;2008-12-05 10:11:41.657;10.13.1;1;4;10.100.113;1;1;[1:1807:11] WEB-MISC Chunked-Encoding transfer attempt;Web Application Attack;1;1;4
2008-12-05 10:11:52.498;2008-12-05 10:11:52.498;10.13.1;1;1;10.100.113;1;1;[119:4:1] (http_inspect) BARE BYTE UNICODE ENCODING;NULL;-1;1;1
2008-12-05 10:12:04.88;2008-12-05 10:12:04.88;10.13.1;1;1;10.100.113;1;1;[1:1807:11] WEB-MISC Chunked-Encoding transfer attempt;Web Application Attack;1;1;1
2008-12-05 10:13:53.052;2008-12-05 10:17:05.621;10.13.1;3;6;10.100.113;1;1;[119:4:1] (http_inspect) BARE BYTE UNICODE ENCODING;NULL;-1;1;6
2008-12-05 10:17:50.519;2008-12-05 10:17:50.519;10.13.1;1;1;10.100.113;1;1;[1:1807:11] WEB-MISC Chunked-Encoding transfer attempt;Web Application Attack;1;1;1
2008-12-05 10:18:16.293;2008-12-05 10:18:20.015;10.13.1;1;2;10.100.113;1;1;[119:4:1] (http_inspect) BARE BYTE UNICODE ENCODING;NULL;-1;1;2
2008-12-05 10:18:33.952;2008-12-05 10:18:33.952;10.13.1;1;1;10.100.113;1;1;[1:1807:11] WEB-MISC Chunked-Encoding transfer attempt;Web Application Attack;1;1;1
2008-12-05 10:18:36.193;2008-12-05 10:19:15.805;10.13.1;1;3;10.100.113;1;1;[119:4:1] (http_inspect) BARE BYTE UNICODE ENCODING;NULL;-1;1;3
2008-12-05 10:21:56.546;2008-12-05 10:21:56.547;10.13.1;1;1;10.100.113;9;1;[1:469:4] ICMP PING NMAP;Attempted Information Leak;2;1;9
2008-12-05 10:21:56.547;2008-12-05 10:21:56.547;10.13.1;1;1;10.100.113;1;1;[122:26:0] (portscan) ICMP Filtered Sweep;NULL;-1;1;1
2008-12-05 10:21:56.547;2008-12-05 10:22:04.533;10.13.1;1;1;10.100.113;255;1;[1:469:4] ICMP PING NMAP;Attempted Information Leak;2;1;501
2008-12-05 10:23:33.87;2008-12-05 10:23:43.815;10.13.1;2;2;10.100.113;1;1;[1:2152:1] WEB-PHP test.php access;access to a potentially vulnerable web application;2;1;3
2008-12-05 10:24:04.347;2008-12-05 10:24:04.347;10.13.1;1;1;10.100.113;1;1;[1:1807:11] WEB-MISC Chunked-Encoding transfer attempt;Web Application Attack;1;1;1
2008-12-05 10:24:24.416;2008-12-05 10:24:24.416;10.13.1;1;1;10.100.113;1;1;[119:4:1] (http_inspect) BARE BYTE UNICODE ENCODING;NULL;-1;1;1
2008-12-05 10:39:14.407;2008-12-05 10:39:19.397;10.13.1;1;2;10.100.113;1;1;[1:12077:2] BACKDOOR c99shell.php command request;Potential Corporate Privacy Violation;1;1;2
2008-12-05 10:39:19.397;2008-12-05 10:39:19.397;10.13.1;1;1;10.100.113;1;1;[119:4:1] (http_inspect) BARE BYTE UNICODE ENCODING;Potential Corporate Privacy Violation;1;1;1
2008-12-05 10:39:19.397;2008-12-05 10:39:19.397;10.13.1;1;1;10.100.113;1;1;[1:12077:2] BACKDOOR c99shell.php command request;Potential Corporate Privacy Violation;1;1;1
2008-12-05 10:39:19.397;2008-12-05 10:39:19.397;10.13.1;1;1;10.100.113;1;1;[119:4:1] (http_inspect) BARE BYTE UNICODE ENCODING;Potential Corporate Privacy Violation;1;1;1
2008-12-05 10:39:19.397;2008-12-05 10:39:54.952;10.13.1;1;2;10.100.113;1;1;[1:12077:2] BACKDOOR c99shell.php command request;Potential Corporate Privacy Violation;1;1;2
2008-12-05 11:07:16.836;2008-12-05 11:07:16.836;10.13.1;1;1;10.100.113;1;1;[1:1324:6] EXPLOIT ssh CRC32 overflow /bin/sh;Executable code was detected;1;1;1
2008-12-05 11:19:18.854;2008-12-05 11:19:27.861;10.100.113;1;1;10.110.113;2;1;[1:469:4] ICMP PING NMAP;Attempted Information Leak;2;2;8
2008-12-05 11:19:45.932;2008-12-05 11:19:45.932;10.100.113;1;1;10.110.113;1;1;[122:25:0] (portscan) ICMP Sweep;NULL;-1;1;1
2008-12-05 11:19:45.932;2008-12-05 11:19:45.932;10.100.113;1;1;10.110.113;15;1;[1:469:4] ICMP PING NMAP;Attempted Information Leak;2;1;15
2008-12-05 11:19:45.932;2008-12-05 11:19:45.932;10.100.113;1;1;10.110.113;1;1;[122:25:0] (portscan) ICMP Sweep;NULL;-1;1;1
2008-12-05 11:19:45.932;2008-12-05 11:19:47.747;10.100.113;1;1;10.110.113;255;1;[1:469:4] ICMP PING NMAP;Attempted Information Leak;2;2;1005
2008-12-05 11:20:00.87;2008-12-05 11:20:00.87;10.100.113;1;1;10.110.113;1;1;[122:1:0] (portscan) TCP Portscan;NULL;-1;2;2
2008-12-05 11:20:00.884;2008-12-05 11:20:00.884;10.100.113;1;1;10.110.113;1;1;[1:1418:11] SNMP request tcp;Attempted Information Leak;2;2;2
2008-12-05 11:20:00.886;2008-12-05 11:20:00.886;10.100.113;1;1;10.110.113;1;1;[1:1420:11] SNMP trap tcp;Attempted Information Leak;2;2;2
2008-12-05 11:21:00.438;2008-12-05 11:21:00.633;10.13.1;1;2;10.100.113;1;1;[119:4:1] (http_inspect) BARE BYTE UNICODE ENCODING;NULL;-1;1;2
2008-12-05 11:21:10.812;2008-12-05 11:21:10.813;10.100.113;1;1;10.120.113;17;1;[1:469:4] ICMP PING NMAP;Attempted Information Leak;2;2;26
2008-12-05 11:21:10.813;2008-12-05 11:21:10.813;10.100.113;1;1;10.120.113;1;1;[122:26:0] (portscan) ICMP Filtered Sweep;NULL;-1;1;1
2008-12-05 11:21:10.813;2008-12-05 11:21:12.618;10.100.113;1;1;10.120.113;255;1;[1:469:4] ICMP PING NMAP;Attempted Information Leak;2;2;994
2008-12-05 11:21:25.742;2008-12-05 11:21:25.742;10.100.113;1;1;10.120.113;1;1;[122:1:0] (portscan) TCP Portscan;NULL;-1;2;2
2008-12-05 11:21:25.747;2008-12-05 11:21:25.747;10.100.113;1;1;10.120.113;1;1;[1:1418:11] SNMP request tcp;Attempted Information Leak;2;2;2
2008-12-05 11:21:25.755;2008-12-05 11:21:25.755;10.100.113;1;1;10.120.113;1;1;[1:1420:11] SNMP trap tcp;Attempted Information Leak;2;1;1
2008-12-05 11:21:30.58;2008-12-05 11:21:30.58;10.13.1;1;1;10.100.113;1;1;[119:4:1] (http_inspect) BARE BYTE UNICODE ENCODING;NULL;-1;1;1
2008-12-05 11:24:38.644;2008-12-05 11:24:38.644;10.100.113;1;1;10.110.113;1;1;[119:4:1] (http_inspect) BARE BYTE UNICODE ENCODING;NULL;-1;1;1
2008-12-05 11:25:40.372;2008-12-05 11:25:40.372;10.100.113;1;1;10.110.113;1;1;[1:1807:11] WEB-MISC Chunked-Encoding transfer attempt;Web Application Attack;1;1;1
2008-12-05 11:25:40.372;2008-12-05 11:25:40.372;10.100.113;1;1;10.110.113;1;1;[119:4:1] (http_inspect) BARE BYTE UNICODE ENCODING;NULL;-1;1;1
2008-12-05 11:26:11.762;2008-12-05 11:26:14.26;10.100.113;1;3;10.110.113;1;1;[1:1497:7] WEB-MISC cross site scripting attempt;Web Application Attack;1;1;3
2008-12-05 11:26:54.939;2008-12-05 11:26:54.939;10.100.113;1;1;10.110.113;1;1;[1:1807:11] WEB-MISC Chunked-Encoding transfer attempt;Web Application Attack;1;1;1
2008-12-05 11:26:54.939;2008-12-05 11:26:54.939;10.100.113;1;1;10.110.113;1;1;[1:1497:7] WEB-MISC cross site scripting attempt;Web Application Attack;1;1;1
2008-12-05 11:26:54.939;2008-12-05 11:26:54.939;10.100.113;1;1;10.110.113;1;1;[1:1807:11] WEB-MISC Chunked-Encoding transfer attempt;Web Application Attack;1;1;1
2008-12-05 11:26:54.939;2008-12-05 11:26:54.941;10.100.113;1;3;10.110.113;1;1;[1:1497:7] WEB-MISC cross site scripting attempt;Web Application Attack;1;1;3
2008-12-05 11:27:03.041;2008-12-05 11:27:48.041;10.100.113;1;11;10.110.113;1;1;[119:4:1] (http_inspect) BARE BYTE UNICODE ENCODING;NULL;-1;2;11
2008-12-05 11:28:01.84;2008-12-05 11:28:01.84;10.100.113;1;1;10.110.113;1;1;[1:1301:11] WEB-PHP admin.php access;Attempted Information Leak;2;2;2
2008-12-05 11:28:23.338;2008-12-05 11:28:23.339;10.100.113;1;2;10.110.113;1;1;[119:4:1] (http_inspect) BARE BYTE UNICODE ENCODING;NULL;-1;1;2
2008-12-05 11:28:24.893;2008-12-05 11:28:24.893;10.100.113;1;1;10.110.113;1;1;[1:1301:11] WEB-PHP admin.php access;Attempted Information Leak;2;2;2
2008-12-05 11:28:55.364;2008-12-05 11:29:40.362;10.100.113;1;3;10.110.113;1;1;[119:4:1] (http_inspect) BARE BYTE UNICODE ENCODING;NULL;-1;1;3
2008-12-05 11:30:03.192;2008-12-05 11:30:03.192;10.100.113;1;1;10.110.113;1;1;[1:1668:6] WEB-CGI /cgi-bin/ access;Web Application Attack;1;2;2
2008-12-05 11:30:03.193;2008-12-05 11:30:19.704;10.110.113;1;1;10.100.113;1;1;[1:1201:7] ATTACK-RESPONSES 403 Forbidden;Attempted Information Leak;2;2;4
2008-12-05 11:30:45.808;2008-12-05 11:31:40.866;10.100.113;1;4;10.110.113;1;1;[119:4:1] (http_inspect) BARE BYTE UNICODE ENCODING;NULL;-1;1;4
2008-12-05 11:31:52.793;2008-12-05 11:31:52.793;10.100.113;1;1;10.110.113;1;1;[1:1301:11] WEB-PHP admin.php access;Attempted Information Leak;2;2;2
2008-12-05 11:31:55.353;2008-12-05 11:31:55.353;10.100.113;1;1;10.110.113;1;1;[119:4:1] (http_inspect) BARE BYTE UNICODE ENCODING;NULL;-1;1;1
2008-12-05 11:33:21.651;2008-12-05 11:33:40.348;10.100.113;1;1;10.110.113;1;1;[1:1301:11] WEB-PHP admin.php access;Attempted Information Leak;2;2;4
2008-12-05 11:34:40.347;2008-12-05 11:37:05.762;10.100.113;1;9;10.110.113;1;1;[1:1807:11] WEB-MISC Chunked-Encoding transfer attempt;Web Application Attack;1;1;9
2008-12-05 11:37:11.693;2008-12-05 11:37:55.333;10.100.113;1;3;10.110.113;1;1;[119:4:1] (http_inspect) BARE BYTE UNICODE ENCODING;NULL;-1;1;3
2008-12-05 11:37:55.333;2008-12-05 11:37:55.333;10.100.113;1;1;10.110.113;1;1;[1:1112:6] WEB-MISC http directory traversal;Attempted Information Leak;2;1;1
2008-12-05 11:38:21.503;2008-12-05 11:38:35.542;10.100.113;1;1;10.110.113;1;1;[1:1301:11] WEB-PHP admin.php access;Attempted Information Leak;2;2;4
2008-12-05 11:38:49.491;2008-12-05 11:38:49.491;10.100.113;1;1;10.110.113;1;1;[1:1668:6] WEB-CGI /cgi-bin/ access;Web Application Attack;1;1;1
2008-12-05 11:38:49.491;2008-12-05 11:38:49.491;10.110.113;1;1;10.100.113;1;1;[1:1201:7] ATTACK-RESPONSES 403 Forbidden;Attempted Information Leak;2;1;1
2008-12-05 11:38:49.491;2008-12-05 11:38:49.491;10.100.113;1;1;10.110.113;1;1;[1:1668:6] WEB-CGI /cgi-bin/ access;Web Application Attack;1;1;1
2008-12-05 11:38:49.491;2008-12-05 11:38:49.491;10.110.113;1;1;10.100.113;1;1;[1:1201:7] ATTACK-RESPONSES 403 Forbidden;Attempted Information Leak;2;1;1
2008-12-05 11:38:49.676;2008-12-05 11:38:49.676;10.100.113;1;1;10.110.113;1;1;[1:1668:6] WEB-CGI /cgi-bin/ access;Web Application Attack;1;2;2
2008-12-05 11:38:54.508;2008-12-05 11:38:54.508;10.100.113;1;1;10.110.113;1;1;[1:1301:11] WEB-PHP admin.php access;Attempted Information Leak;2;2;2
2008-12-05 11:38:57.545;2008-12-05 11:38:57.545;10.100.113;1;1;10.110.113;1;1;[1:1668:6] WEB-CGI /cgi-bin/ access;Web Application Attack;1;1;1
2008-12-05 11:38:57.545;2008-12-05 11:38:57.545;10.110.113;1;1;10.100.113;1;1;[1:1201:7] ATTACK-RESPONSES 403 Forbidden;Attempted Information Leak;2;1;1
2008-12-05 11:38:57.545;2008-12-05 11:38:57.545;10.100.113;1;1;10.110.113;1;1;[1:1668:6] WEB-CGI /cgi-bin/ access;Web Application Attack;1;1;1
2008-12-05 11:38:57.545;2008-12-05 11:38:57.545;10.110.113;1;1;10.100.113;1;1;[1:1201:7] ATTACK-RESPONSES 403 Forbidden;Attempted Information Leak;2;1;1
2008-12-05 11:39:25.33;2008-12-05 11:39:25.33;10.100.113;1;1;10.110.113;1;1;[1:1122:5] WEB-MISC /etc/passwd;Attempted Information Leak;2;1;1
2008-12-05 11:39:25.33;2008-12-05 11:39:25.33;10.100.113;1;1;10.110.113;1;1;[1:1147:7] WEB-MISC cat%20 access;Attempted Information Leak;2;1;1
2008-12-05 11:39:25.33;2008-12-05 11:39:25.33;10.100.113;1;1;10.110.113;1;1;[119:4:1] (http_inspect) BARE BYTE UNICODE ENCODING;NULL;-1;1;1
2008-12-05 11:39:42.798;2008-12-05 11:40:07.232;10.100.113;1;1;10.110.113;1;1;[1:1301:11] WEB-PHP admin.php access;Attempted Information Leak;2;2;4
2008-12-05 11:40:25.328;2008-12-05 11:41:55.324;10.100.113;1;4;10.110.113;1;1;[119:4:1] (http_inspect) BARE BYTE UNICODE ENCODING;NULL;-1;2;4
2008-12-05 11:42:10.323;2008-12-05 11:42:10.323;10.100.113;1;2;10.110.113;1;1;[1:1122:5] WEB-MISC /etc/passwd;Attempted Information Leak;2;1;2
2008-12-05 11:42:21.636;2008-12-05 11:42:48.548;10.100.113;1;1;10.110.113;1;1;[1:1301:11] WEB-PHP admin.php access;Attempted Information Leak;2;2;4
2008-12-05 11:43:47.287;2008-12-05 11:43:47.287;10.100.113;1;6;10.110.113;1;1;[1:1807:11] WEB-MISC Chunked-Encoding transfer attempt;Web Application Attack;1;1;6
2008-12-05 11:44:25.323;2008-12-05 11:44:25.323;10.100.113;1;1;10.110.113;1;1;[1:1122:5] WEB-MISC /etc/passwd;Attempted Information Leak;2;1;1
2008-12-05 11:45:00.217;2008-12-05 11:45:00.217;10.100.113;1;1;10.110.113;1;1;[1:1301:11] WEB-PHP admin.php access;Attempted Information Leak;2;2;2
2008-12-05 11:45:09.644;2008-12-05 11:45:09.644;10.100.113;1;1;10.110.113;1;1;[119:4:1] (http_inspect) BARE BYTE UNICODE ENCODING;NULL;-1;1;1
2008-12-05 11:45:27.375;2008-12-05 11:45:48.548;10.100.113;1;2;10.110.113;1;1;[1:1301:11] WEB-PHP admin.php access;Attempted Information Leak;2;2;3
2008-12-05 11:45:48.548;2008-12-05 11:45:48.548;10.100.113;1;1;10.110.113;1;1;[119:4:1] (http_inspect) BARE BYTE UNICODE ENCODING;Attempted Information Leak;2;1;1
2008-12-05 11:45:48.548;2008-12-05 11:45:48.548;10.100.113;1;1;10.110.113;1;1;[1:1301:11] WEB-PHP admin.php access;Attempted Information Leak;2;1;1
2008-12-05 11:47:34.502;2008-12-05 11:47:34.502;10.100.113;1;1;10.110.113;1;1;[1:1668:6] WEB-CGI /cgi-bin/ access;Web Application Attack;1;1;1
2008-12-05 11:47:34.502;2008-12-05 11:47:34.502;10.110.113;1;1;10.100.113;1;1;[1:1201:7] ATTACK-RESPONSES 403 Forbidden;Attempted Information Leak;2;1;1
2008-12-05 11:47:34.502;2008-12-05 11:47:34.502;10.100.113;1;1;10.110.113;1;1;[1:1668:6] WEB-CGI /cgi-bin/ access;Web Application Attack;1;1;1
2008-12-05 11:47:34.502;2008-12-05 11:47:34.502;10.110.113;1;1;10.100.113;1;1;[1:1201:7] ATTACK-RESPONSES 403 Forbidden;Attempted Information Leak;2;1;1
2008-12-05 11:47:37.594;2008-12-05 11:47:37.594;10.100.113;1;1;10.110.113;1;1;[1:1668:6] WEB-CGI /cgi-bin/ access;Web Application Attack;1;1;1
2008-12-05 11:47:37.594;2008-12-05 11:47:37.594;10.110.113;1;1;10.100.113;1;1;[1:1201:7] ATTACK-RESPONSES 403 Forbidden;Attempted Information Leak;2;1;1
2008-12-05 11:47:37.594;2008-12-05 11:47:37.594;10.100.113;1;1;10.110.113;1;1;[1:1668:6] WEB-CGI /cgi-bin/ access;Web Application Attack;1;1;1
2008-12-05 11:47:37.594;2008-12-05 11:47:37.594;10.110.113;1;1;10.100.113;1;1;[1:1201:7] ATTACK-RESPONSES 403 Forbidden;Attempted Information Leak;2;1;1
2008-12-05 11:47:41.359;2008-12-05 11:47:41.359;10.100.113;1;1;10.110.113;1;1;[1:1668:6] WEB-CGI /cgi-bin/ access;Web Application Attack;1;1;1
2008-12-05 11:47:41.359;2008-12-05 11:47:41.359;10.110.113;1;1;10.100.113;1;1;[1:1201:7] ATTACK-RESPONSES 403 Forbidden;Attempted Information Leak;2;1;1
2008-12-05 11:47:41.359;2008-12-05 11:47:41.359;10.100.113;1;1;10.110.113;1;1;[1:1668:6] WEB-CGI /cgi-bin/ access;Web Application Attack;1;1;1
2008-12-05 11:47:41.359;2008-12-05 11:47:41.359;10.110.113;1;1;10.100.113;1;1;[1:1201:7] ATTACK-RESPONSES 403 Forbidden;Attempted Information Leak;2;1;1
2008-12-05 11:47:47.729;2008-12-05 11:47:47.729;10.100.113;1;1;10.110.113;1;1;[1:1668:6] WEB-CGI /cgi-bin/ access;Web Application Attack;1;1;1
2008-12-05 11:47:47.729;2008-12-05 11:47:47.729;10.110.113;1;1;10.100.113;1;1;[1:1201:7] ATTACK-RESPONSES 403 Forbidden;Attempted Information Leak;2;1;1
2008-12-05 11:47:47.729;2008-12-05 11:47:47.729;10.100.113;1;1;10.110.113;1;1;[1:1668:6] WEB-CGI /cgi-bin/ access;Web Application Attack;1;1;1
2008-12-05 11:47:47.729;2008-12-05 11:47:47.729;10.110.113;1;1;10.100.113;1;1;[1:1201:7] ATTACK-RESPONSES 403 Forbidden;Attempted Information Leak;2;1;1
2008-12-05 11:51:05.383;2008-12-05 11:51:05.383;10.100.113;1;1;10.110.113;1;1;[1:1301:11] WEB-PHP admin.php access;Attempted Information Leak;2;2;2
2008-12-05 11:51:28.106;2008-12-05 11:51:28.106;10.13.1;1;1;10.100.113;1;1;[1:1521:6] WEB-MISC server-status access;access to a potentially vulnerable web application;2;1;1
2008-12-05 11:51:35.527;2008-12-05 11:51:35.734;10.100.113;1;2;10.110.113;1;1;[1:1301:11] WEB-PHP admin.php access;Attempted Information Leak;2;2;4
2008-12-05 11:51:38.109;2008-12-05 11:51:38.109;10.100.113;1;1;10.13.1;1;1;[1:1201:7] ATTACK-RESPONSES 403 Forbidden;Attempted Information Leak;2;1;1
2008-12-05 11:51:56.644;2008-12-05 11:51:56.645;10.100.113;1;1;10.110.113;1;1;[1:1301:11] WEB-PHP admin.php access;Attempted Information Leak;2;2;2
2008-12-05 11:58:46.665;2008-12-05 11:58:46.665;10.120.113;1;1;10.100.113;1;1;[1:1324:6] EXPLOIT ssh CRC32 overflow /bin/sh;Executable code was detected;1;1;1
2008-12-05 12:02:34.505;2008-12-05 12:02:34.505;10.13.1;1;1;10.100.113;1;1;[1:1324:6] EXPLOIT ssh CRC32 overflow /bin/sh;Executable code was detected;1;1;1
2008-12-05 12:02:57.424;2008-12-05 12:02:57.424;10.120.113;1;1;10.100.113;1;1;[1:648:8] SHELLCODE x86 NOOP;Executable code was detected;1;2;4
2008-12-05 12:15:12.932;2008-12-05 12:15:30.774;10.100.113;1;1;10.110.113;1;1;[1:1301:11] WEB-PHP admin.php access;Attempted Information Leak;2;2;4
2008-12-05 12:16:25.233;2008-12-05 12:21:26.346;10.100.113;1;5;10.110.113;1;1;[119:4:1] (http_inspect) BARE BYTE UNICODE ENCODING;NULL;-1;2;6
2008-12-05 12:27:41.327;2008-12-05 12:27:41.327;10.100.113;1;2;10.110.113;1;1;[1:12077:2] BACKDOOR c99shell.php command request;Potential Corporate Privacy Violation;1;1;2
2008-12-05 12:28:26.361;2008-12-05 12:28:26.361;10.100.113;1;1;10.110.113;1;1;[119:4:1] (http_inspect) BARE BYTE UNICODE ENCODING;NULL;-1;1;1
2008-12-05 12:28:26.361;2008-12-05 12:28:26.361;10.100.113;1;1;10.110.113;1;1;[1:12077:2] BACKDOOR c99shell.php command request;Potential Corporate Privacy Violation;1;1;1
2008-12-05 12:28:26.361;2008-12-05 12:28:26.361;10.100.113;1;1;10.110.113;1;1;[119:4:1] (http_inspect) BARE BYTE UNICODE ENCODING;Potential Corporate Privacy Violation;1;1;1
2008-12-05 12:28:56.358;2008-12-05 12:28:56.359;10.100.113;1;2;10.110.113;1;1;[1:1807:11] WEB-MISC Chunked-Encoding transfer attempt;Web Application Attack;1;1;2
2008-12-05 12:32:11.313;2008-12-05 12:32:11.313;10.100.113;1;1;10.110.113;1;1;[119:4:1] (http_inspect) BARE BYTE UNICODE ENCODING;NULL;-1;1;1
2008-12-05 12:32:11.313;2008-12-05 12:32:11.313;10.100.113;1;1;10.110.113;1;1;[1:12077:2] BACKDOOR c99shell.php command request;Potential Corporate Privacy Violation;1;1;1
2008-12-05 12:46:19.668;2008-12-05 12:46:19.668;10.120.113;1;1;10.100.113;1;1;[1:498:6] ATTACK-RESPONSES id check returned root;Potentially Bad Traffic;2;2;2
2008-12-05 12:49:25.584;2008-12-05 12:49:25.584;10.100.113;1;1;10.110.113;1;1;[1:1497:7] WEB-MISC cross site scripting attempt;Web Application Attack;1;1;1
2008-12-05 12:49:26.164;2008-12-05 12:49:26.164;10.100.113;1;1;10.110.113;1;1;[119:4:1] (http_inspect) BARE BYTE UNICODE ENCODING;NULL;-1;1;1
2008-12-05 12:49:26.164;2008-12-05 12:49:28.269;10.100.113;1;2;10.110.113;1;1;[1:1497:7] WEB-MISC cross site scripting attempt;Web Application Attack;1;1;2
2008-12-05 12:50:36.404;2008-12-05 12:50:51.607;10.100.113;1;1;10.110.113;1;1;[1:1301:11] WEB-PHP admin.php access;Attempted Information Leak;2;2;4
2008-12-05 12:54:42.038;2008-12-05 12:55:49.849;10.100.113;1;3;10.110.113;1;1;[119:4:1] (http_inspect) BARE BYTE UNICODE ENCODING;NULL;-1;2;3
2008-12-05 12:59:12.778;2008-12-05 12:59:24.938;10.100.113;1;1;10.110.113;1;1;[1:1301:11] WEB-PHP admin.php access;Attempted Information Leak;2;2;4
2008-12-05 13:02:49.408;2008-12-05 13:02:49.842;10.100.113;1;6;10.110.113;1;1;[119:4:1] (http_inspect) BARE BYTE UNICODE ENCODING;NULL;-1;2;8
2008-12-05 13:03:12.914;2008-12-05 13:03:12.914;10.100.113;1;1;10.110.113;1;1;[1:1301:11] WEB-PHP admin.php access;Attempted Information Leak;2;2;2
2008-12-05 13:03:23.47;2008-12-05 13:03:23.47;10.100.113;1;1;10.110.113;1;1;[119:4:1] (http_inspect) BARE BYTE UNICODE ENCODING;NULL;-1;2;2
2008-12-05 13:03:28.114;2008-12-05 13:03:28.114;10.100.113;1;1;10.110.113;1;1;[1:1301:11] WEB-PHP admin.php access;Attempted Information Leak;2;2;2
2008-12-05 13:04:27.952;2008-12-05 13:07:41.235;10.100.113;1;2;10.110.113;1;1;[119:4:1] (http_inspect) BARE BYTE UNICODE ENCODING;NULL;-1;1;2
2008-12-05 13:08:10.911;2008-12-05 13:08:12.914;10.120.113;1;1;10.110.113;5;1;[1:469:4] ICMP PING NMAP;Attempted Information Leak;2;2;17
2008-12-05 13:08:12.914;2008-12-05 13:08:12.914;10.120.113;1;1;10.110.113;1;1;[122:26:0] (portscan) ICMP Filtered Sweep;NULL;-1;1;1
2008-12-05 13:08:12.914;2008-12-05 13:08:12.914;10.120.113;1;1;10.110.113;3;1;[1:469:4] ICMP PING NMAP;Attempted Information Leak;2;2;3
2008-12-05 13:08:12.914;2008-12-05 13:08:12.914;10.120.113;1;1;10.110.113;1;1;[122:26:0] (portscan) ICMP Filtered Sweep;NULL;-1;1;1
2008-12-05 13:08:12.914;2008-12-05 13:08:31.554;10.120.113;1;1;10.110.113;251;1;[1:469:4] ICMP PING NMAP;Attempted Information Leak;2;2;1000
2008-12-05 13:08:45.482;2008-12-05 13:08:45.482;10.120.113;1;1;10.110.113;1;1;[122:1:0] (portscan) TCP Portscan;NULL;-1;2;2
2008-12-05 13:08:45.489;2008-12-05 13:08:45.489;10.120.113;1;1;10.110.113;1;1;[1:1420:11] SNMP trap tcp;Attempted Information Leak;2;2;2
2008-12-05 13:08:45.493;2008-12-05 13:08:45.493;10.120.113;1;1;10.110.113;1;1;[1:1421:11] SNMP AgentX/tcp request;Attempted Information Leak;2;2;2
2008-12-05 13:08:45.494;2008-12-05 13:08:45.494;10.120.113;1;1;10.110.113;1;1;[1:1418:11] SNMP request tcp;Attempted Information Leak;2;2;2
2008-12-05 13:08:47.25;2008-12-05 13:08:47.25;10.13.1;1;1;10.100.113;1;1;[1:1394:7] SHELLCODE x86 NOOP;Executable code was detected;1;1;1
2008-12-05 13:09:33.754;2008-12-05 13:09:33.754;10.100.113;1;1;10.110.113;1;1;[119:4:1] (http_inspect) BARE BYTE UNICODE ENCODING;NULL;-1;1;1
2008-12-05 13:09:47.013;2008-12-05 13:10:02.397;10.100.113;1;2;10.110.113;1;1;[1:1301:11] WEB-PHP admin.php access;Attempted Information Leak;2;2;6
2008-12-05 13:10:11.612;2008-12-05 13:10:11.612;10.100.113;1;1;10.110.113;1;1;[1:1394:7] SHELLCODE x86 NOOP;Executable code was detected;1;1;1
2008-12-05 13:10:11.612;2008-12-05 13:10:11.612;10.100.113;1;1;10.110.113;1;1;[1:1301:11] WEB-PHP admin.php access;Attempted Information Leak;2;1;1
2008-12-05 13:10:11.612;2008-12-05 13:10:11.612;10.100.113;1;1;10.110.113;1;1;[1:1394:7] SHELLCODE x86 NOOP;Executable code was detected;1;1;1
2008-12-05 13:10:11.612;2008-12-05 13:10:40.82;10.100.113;1;1;10.110.113;1;1;[1:1301:11] WEB-PHP admin.php access;Attempted Information Leak;2;2;9
2008-12-05 13:11:23.396;2008-12-05 13:11:23.396;10.120.113;1;1;10.199.113;20;1;[1:469:4] ICMP PING NMAP;Attempted Information Leak;2;2;29
2008-12-05 13:11:23.396;2008-12-05 13:11:23.396;10.120.113;1;1;10.199.113;1;1;[122:26:0] (portscan) ICMP Filtered Sweep;NULL;-1;1;1
2008-12-05 13:11:23.396;2008-12-05 13:11:25.316;10.120.113;1;1;10.199.113;255;1;[1:469:4] ICMP PING NMAP;Attempted Information Leak;2;2;991
2008-12-05 13:11:39.119;2008-12-05 13:11:39.119;10.120.113;1;1;10.199.113;1;1;[122:1:0] (portscan) TCP Portscan;NULL;-1;2;2
2008-12-05 13:11:39.132;2008-12-05 13:11:39.132;10.120.113;1;1;10.199.113;1;1;[1:1420:11] SNMP trap tcp;Attempted Information Leak;2;2;2
2008-12-05 13:11:39.15;2008-12-05 13:11:39.15;10.120.113;1;1;10.199.113;1;1;[1:1418:11] SNMP request tcp;Attempted Information Leak;2;2;2
2008-12-05 13:11:39.167;2008-12-05 13:11:39.167;10.120.113;1;1;10.199.113;1;1;[1:1421:11] SNMP AgentX/tcp request;Attempted Information Leak;2;2;2
2008-12-05 13:16:02.454;2008-12-05 13:16:02.454;10.100.113;1;1;10.120.113;1;1;[1:469:4] ICMP PING NMAP;Attempted Information Leak;2;2;2
2008-12-05 13:16:15.462;2008-12-05 13:16:15.462;10.100.113;1;1;10.120.113;1;1;[122:1:0] (portscan) TCP Portscan;NULL;-1;2;2
2008-12-05 13:16:15.479;2008-12-05 13:16:15.479;10.100.113;1;1;10.120.113;1;1;[1:1421:11] SNMP AgentX/tcp request;Attempted Information Leak;2;2;2
2008-12-05 13:16:15.48;2008-12-05 13:16:15.48;10.100.113;1;1;10.120.113;1;1;[1:1420:11] SNMP trap tcp;Attempted Information Leak;2;2;2
2008-12-05 13:16:15.485;2008-12-05 13:16:15.485;10.100.113;1;1;10.120.113;1;1;[1:1418:11] SNMP request tcp;Attempted Information Leak;2;2;2
2008-12-05 13:18:21.685;2008-12-05 13:18:23.69;10.100.113;1;1;10.120.113;1;1;[1:469:4] ICMP PING NMAP;Attempted Information Leak;2;2;4
2008-12-05 13:19:53.084;2008-12-05 13:19:53.084;10.13.1;1;1;10.100.113;1;1;[1:1324:6] EXPLOIT ssh CRC32 overflow /bin/sh;Executable code was detected;1;1;1
2008-12-05 13:21:55.253;2008-12-05 13:21:55.253;10.100.113;1;1;10.110.113;1;1;[119:4:1] (http_inspect) BARE BYTE UNICODE ENCODING;NULL;-1;2;2
2008-12-05 13:31:16.991;2008-12-05 13:31:42.331;10.100.113;1;1;10.110.113;1;1;[1:1301:11] WEB-PHP admin.php access;Attempted Information Leak;2;2;4
2008-12-05 13:33:26.76;2008-12-05 13:33:26.76;10.100.113;1;4;10.110.113;1;1;[119:4:1] (http_inspect) BARE BYTE UNICODE ENCODING;NULL;-1;1;4
2008-12-05 13:33:26.761;2008-12-05 13:33:26.761;10.100.113;1;1;10.110.113;1;1;[1:1301:11] WEB-PHP admin.php access;Attempted Information Leak;2;2;2
2008-12-05 13:33:26.943;2008-12-05 13:33:26.943;10.100.113;1;1;10.110.113;1;1;[119:4:1] (http_inspect) BARE BYTE UNICODE ENCODING;NULL;-1;1;1
2008-12-05 13:33:27.127;2008-12-05 13:33:50.517;10.100.113;1;2;10.110.113;1;1;[1:1301:11] WEB-PHP admin.php access;Attempted Information Leak;2;2;6
2008-12-05 13:33:58.602;2008-12-05 13:33:58.602;10.100.113;1;1;10.110.113;1;1;[1:1668:6] WEB-CGI /cgi-bin/ access;Web Application Attack;1;1;1
2008-12-05 13:33:58.602;2008-12-05 13:33:58.602;10.110.113;1;1;10.100.113;1;1;[1:1201:7] ATTACK-RESPONSES 403 Forbidden;Attempted Information Leak;2;1;1
2008-12-05 13:33:58.602;2008-12-05 13:33:58.602;10.100.113;1;1;10.110.113;1;1;[1:1668:6] WEB-CGI /cgi-bin/ access;Web Application Attack;1;1;1
2008-12-05 13:33:58.602;2008-12-05 13:33:58.602;10.110.113;1;1;10.100.113;1;1;[1:1201:7] ATTACK-RESPONSES 403 Forbidden;Attempted Information Leak;2;1;1
2008-12-05 13:34:00.623;2008-12-05 13:34:00.623;10.100.113;1;1;10.110.113;1;1;[1:1301:11] WEB-PHP admin.php access;Attempted Information Leak;2;2;2
2008-12-05 13:34:03.45;2008-12-05 13:34:03.45;10.100.113;1;1;10.110.113;1;1;[119:4:1] (http_inspect) BARE BYTE UNICODE ENCODING;NULL;-1;1;1
2008-12-05 13:34:10.192;2008-12-05 13:34:10.192;10.100.113;1;1;10.110.113;1;1;[1:1301:11] WEB-PHP admin.php access;Attempted Information Leak;2;1;1
2008-12-05 13:34:10.192;2008-12-05 13:34:10.192;10.100.113;1;1;10.110.113;1;1;[119:4:1] (http_inspect) BARE BYTE UNICODE ENCODING;Attempted Information Leak;2;1;1
2008-12-05 13:34:10.192;2008-12-05 13:35:18.661;10.100.113;1;4;10.110.113;1;1;[1:1301:11] WEB-PHP admin.php access;Attempted Information Leak;2;2;7
2008-12-05 13:35:48.449;2008-12-05 13:41:40.174;10.100.113;1;3;10.110.113;1;1;[119:4:1] (http_inspect) BARE BYTE UNICODE ENCODING;NULL;-1;1;3
2008-12-05 13:43:45.984;2008-12-05 13:44:56.165;10.100.113;1;5;10.110.113;1;1;[1:1301:11] WEB-PHP admin.php access;Attempted Information Leak;2;2;16
2008-12-05 13:45:05.698;2008-12-05 13:45:05.698;10.100.113;1;3;10.110.113;1;1;[119:4:1] (http_inspect) BARE BYTE UNICODE ENCODING;NULL;-1;2;4
2008-12-05 13:45:05.7;2008-12-05 13:45:05.7;10.100.113;1;1;10.110.113;1;1;[1:1301:11] WEB-PHP admin.php access;Attempted Information Leak;2;2;2
2008-12-05 13:45:13.14;2008-12-05 13:45:13.14;10.100.113;1;1;10.110.113;1;1;[119:4:1] (http_inspect) BARE BYTE UNICODE ENCODING;NULL;-1;1;1
2008-12-05 13:45:13.325;2008-12-05 13:45:18.044;10.100.113;1;2;10.110.113;1;1;[1:1301:11] WEB-PHP admin.php access;Attempted Information Leak;2;2;4
2008-12-05 13:45:29.594;2008-12-05 13:45:29.594;10.100.113;1;2;10.110.113;1;1;[119:4:1] (http_inspect) BARE BYTE UNICODE ENCODING;NULL;-1;1;2
2008-12-05 13:45:40.177;2008-12-05 13:45:40.177;10.100.113;1;1;10.110.113;1;1;[1:1301:11] WEB-PHP admin.php access;Attempted Information Leak;2;1;1
2008-12-05 13:45:40.177;2008-12-05 13:45:40.177;10.100.113;1;1;10.110.113;1;1;[119:4:1] (http_inspect) BARE BYTE UNICODE ENCODING;Attempted Information Leak;2;1;1
2008-12-05 13:45:40.177;2008-12-05 13:45:43.101;10.100.113;1;2;10.110.113;1;1;[1:1301:11] WEB-PHP admin.php access;Attempted Information Leak;2;2;3
2008-12-05 13:46:13.039;2008-12-05 13:47:25.165;10.100.113;1;4;10.110.113;1;1;[119:4:1] (http_inspect) BARE BYTE UNICODE ENCODING;NULL;-1;2;4
2008-12-05 13:47:57.617;2008-12-05 13:47:57.617;10.100.113;1;1;10.110.113;1;1;[1:1807:11] WEB-MISC Chunked-Encoding transfer attempt;Web Application Attack;1;1;1
2008-12-05 13:50:18.827;2008-12-05 13:51:02.605;10.110.113;1;1;10.100.113;1;2;[1:1201:7] ATTACK-RESPONSES 403 Forbidden;Attempted Information Leak;2;2;6
2008-12-05 13:51:40.156;2008-12-05 13:51:40.156;10.100.113;1;1;10.110.113;1;1;[1:1807:11] WEB-MISC Chunked-Encoding transfer attempt;Web Application Attack;1;2;2
2008-12-05 13:51:48.987;2008-12-05 13:51:48.987;10.110.113;1;1;10.100.113;1;1;[1:1201:7] ATTACK-RESPONSES 403 Forbidden;Attempted Information Leak;2;2;2
2008-12-05 13:52:10.14;2008-12-05 13:54:43.309;10.100.113;1;3;10.110.113;1;1;[119:4:1] (http_inspect) BARE BYTE UNICODE ENCODING;NULL;-1;2;3
2008-12-05 13:55:25.15;2008-12-05 14:01:47.858;10.100.113;1;2;10.110.113;1;1;[1:1497:7] WEB-MISC cross site scripting attempt;Web Application Attack;1;1;2
2008-12-05 14:02:52.836;2008-12-05 14:02:52.836;10.100.113;1;1;10.110.113;1;1;[119:4:1] (http_inspect) BARE BYTE UNICODE ENCODING;NULL;-1;1;1
2008-12-05 14:03:09.498;2008-12-05 14:03:09.498;10.100.113;1;1;10.110.113;1;1;[1:1807:11] WEB-MISC Chunked-Encoding transfer attempt;Web Application Attack;1;1;1
2008-12-05 14:03:43.336;2008-12-05 14:03:43.336;10.100.113;1;1;10.110.113;1;1;[119:4:1] (http_inspect) BARE BYTE UNICODE ENCODING;NULL;-1;1;1
2008-12-05 14:03:58.351;2008-12-05 14:03:58.351;10.100.113;1;1;10.110.113;1;1;[1:1668:6] WEB-CGI /cgi-bin/ access;Web Application Attack;1;2;2
2008-12-05 14:03:58.352;2008-12-05 14:04:32.25;10.110.113;1;1;10.100.113;1;2;[1:1201:7] ATTACK-RESPONSES 403 Forbidden;Attempted Information Leak;2;2;4
2008-12-05 14:04:33.441;2008-12-05 14:04:33.441;10.100.113;1;1;10.110.113;1;1;[119:4:1] (http_inspect) BARE BYTE UNICODE ENCODING;NULL;-1;1;1
2008-12-05 14:04:47.303;2008-12-05 14:06:09.465;10.110.113;1;1;10.100.113;1;2;[1:1201:7] ATTACK-RESPONSES 403 Forbidden;Attempted Information Leak;2;2;6
2008-12-05 14:06:58.334;2008-12-05 14:09:13.138;10.100.113;1;6;10.110.113;1;1;[119:4:1] (http_inspect) BARE BYTE UNICODE ENCODING;NULL;-1;1;6
2008-12-05 14:11:55.586;2008-12-05 14:11:55.774;10.13.1;1;2;10.100.113;1;1;[119:4:1] (http_inspect) BARE BYTE UNICODE ENCODING;NULL;-1;1;2
2008-12-05 14:12:16.824;2008-12-05 14:12:58.805;10.100.113;1;3;10.110.113;1;1;[119:4:1] (http_inspect) BARE BYTE UNICODE ENCODING;NULL;-1;2;4
2008-12-05 14:13:13.685;2008-12-05 14:13:13.685;10.100.113;1;1;10.110.113;1;1;[1:1497:7] WEB-MISC cross site scripting attempt;Web Application Attack;1;1;1
2008-12-05 14:13:13.685;2008-12-05 14:13:13.685;10.100.113;1;1;10.110.113;1;1;[119:4:1] (http_inspect) BARE BYTE UNICODE ENCODING;NULL;-1;1;1
2008-12-05 14:14:46.066;2008-12-05 14:23:13.367;10.100.113;1;2;10.110.113;1;1;[1:2002:7] WEB-PHP remote include path;Web Application Attack;1;2;8
2008-12-05 14:25:06.877;2008-12-05 14:25:30.868;10.100.113;1;4;10.110.113;1;1;[1:1301:11] WEB-PHP admin.php access;Attempted Information Leak;2;2;9
2008-12-05 14:25:30.868;2008-12-05 14:25:30.868;10.100.113;1;1;10.110.113;1;1;[1:1497:7] WEB-MISC cross site scripting attempt;Web Application Attack;1;1;1
2008-12-05 14:25:30.868;2008-12-05 14:25:41.045;10.100.113;1;3;10.110.113;1;1;[1:1301:11] WEB-PHP admin.php access;Attempted Information Leak;2;2;5
2008-12-05 14:25:41.045;2008-12-05 14:27:05.485;10.100.113;1;3;10.110.113;1;1;[119:4:1] (http_inspect) BARE BYTE UNICODE ENCODING;NULL;-1;2;4
2008-12-05 14:27:35.314;2008-12-05 14:27:35.314;10.100.113;1;1;10.110.113;1;1;[1:1301:11] WEB-PHP admin.php access;Attempted Information Leak;2;2;2
2008-12-05 14:27:39.523;2008-12-05 14:27:39.523;10.100.113;1;1;10.110.113;1;1;[119:4:1] (http_inspect) BARE BYTE UNICODE ENCODING;NULL;-1;1;1
2008-12-05 14:27:43.181;2008-12-05 14:27:52.717;10.100.113;1;1;10.110.113;1;1;[1:1301:11] WEB-PHP admin.php access;Attempted Information Leak;2;2;4
2008-12-05 14:27:53.054;2008-12-05 14:27:53.054;10.100.113;1;1;10.110.113;1;1;[119:4:1] (http_inspect) BARE BYTE UNICODE ENCODING;NULL;-1;2;2
2008-12-05 14:27:59.928;2008-12-05 14:27:59.928;10.100.113;1;1;10.110.113;1;1;[1:1301:11] WEB-PHP admin.php access;Attempted Information Leak;2;2;2
2008-12-05 14:28:25.08;2008-12-05 14:28:28.786;10.100.113;1;2;10.110.113;1;1;[119:4:1] (http_inspect) BARE BYTE UNICODE ENCODING;NULL;-1;2;3
2008-12-05 14:28:36.379;2008-12-05 14:28:57.067;10.100.113;1;1;10.110.113;1;1;[1:1301:11] WEB-PHP admin.php access;Attempted Information Leak;2;2;3
2008-12-05 14:28:57.067;2008-12-05 14:28:57.067;10.100.113;1;1;10.110.113;1;1;[119:4:1] (http_inspect) BARE BYTE UNICODE ENCODING;Attempted Information Leak;2;1;1
2008-12-05 14:28:57.067;2008-12-05 14:28:57.067;10.100.113;1;1;10.110.113;1;1;[1:1301:11] WEB-PHP admin.php access;Attempted Information Leak;2;1;1
2008-12-05 14:37:24.71;2008-12-05 14:37:24.71;10.100.113;1;1;10.110.113;1;1;[1:1497:7] WEB-MISC cross site scripting attempt;Web Application Attack;1;1;1
2008-12-05 14:37:24.71;2008-12-05 14:37:24.71;10.100.113;1;1;10.110.113;1;1;[1:1142:5] WEB-MISC /.... access;Attempted Information Leak;2;1;1
2008-12-05 14:42:07.606;2008-12-05 14:42:25.836;10.100.113;1;1;10.110.113;1;1;[1:1118:5] WEB-MISC ls%20-l;Attempted Information Leak;2;2;4
2008-12-05 14:42:43.825;2008-12-05 14:42:43.825;10.100.113;1;1;10.110.113;1;1;[119:4:1] (http_inspect) BARE BYTE UNICODE ENCODING;NULL;-1;2;2
2008-12-05 14:42:46.588;2008-12-05 14:42:46.588;10.100.113;1;1;10.110.113;1;1;[1:1118:5] WEB-MISC ls%20-l;Attempted Information Leak;2;2;2
2008-12-05 14:42:50.665;2008-12-05 14:42:50.665;10.100.113;1;1;10.110.113;1;1;[1:1147:7] WEB-MISC cat%20 access;Attempted Information Leak;2;2;2
2008-12-05 14:43:05.722;2008-12-05 14:43:05.722;10.100.113;1;1;10.110.113;1;1;[1:1118:5] WEB-MISC ls%20-l;Attempted Information Leak;2;2;2
2008-12-05 14:43:05.857;2008-12-05 14:43:05.857;10.100.113;1;1;10.110.113;1;1;[119:4:1] (http_inspect) BARE BYTE UNICODE ENCODING;NULL;-1;1;1
2008-12-05 14:43:06.042;2008-12-05 14:43:58.747;10.100.113;1;3;10.110.113;1;1;[1:1118:5] WEB-MISC ls%20-l;Attempted Information Leak;2;2;10
2008-12-05 14:44:19.401;2008-12-05 14:44:19.401;10.100.113;1;1;10.110.113;1;1;[1:1807:11] WEB-MISC Chunked-Encoding transfer attempt;Web Application Attack;1;1;1
2008-12-05 14:44:24.239;2008-12-05 14:44:29.273;10.100.113;1;1;10.110.113;1;1;[1:1118:5] WEB-MISC ls%20-l;Attempted Information Leak;2;2;4
2008-12-05 14:44:55.064;2008-12-05 14:44:55.064;10.100.113;1;1;10.110.113;1;1;[119:4:1] (http_inspect) BARE BYTE UNICODE ENCODING;NULL;-1;1;1
2008-12-05 14:45:36.294;2008-12-05 14:45:36.294;10.100.113;1;1;10.110.113;1;1;[1:1147:7] WEB-MISC cat%20 access;Attempted Information Leak;2;2;2
2008-12-05 14:45:59.198;2008-12-05 14:45:59.198;10.100.113;1;1;10.110.113;1;1;[1:1118:5] WEB-MISC ls%20-l;Attempted Information Leak;2;2;2
2008-12-05 14:46:25.058;2008-12-05 14:46:25.058;10.100.113;1;1;10.110.113;1;1;[119:4:1] (http_inspect) BARE BYTE UNICODE ENCODING;NULL;-1;1;1
2008-12-05 14:53:04.459;2008-12-05 14:53:04.459;10.100.113;1;1;10.110.113;1;1;[1:469:4] ICMP PING NMAP;Attempted Information Leak;2;2;2
2008-12-05 14:56:33.778;2008-12-05 14:56:33.778;10.13.1;1;1;10.100.113;1;1;[1:1324:6] EXPLOIT ssh CRC32 overflow /bin/sh;Executable code was detected;1;1;1
2008-12-05 15:46:08.392;2008-12-05 16:54:43.414;10.13.1;2;3;10.100.113;1;1;[119:4:1] (http_inspect) BARE BYTE UNICODE ENCODING;NULL;-1;1;3
